,phrase,label,sentiment,subjectivity,language,count
Alpen,,,,,,
Österreich,,,,,,
Südtirol,,,,,,
Tirol,,,,,,
Kalifornien,,,,,,
Lawine,,,,,,
Bayern,,,,,,
Frankreich,,,,,,
Bergen,,,,,,
Lawinenabgang,,,,,,
Lawinenunglück,,,,,,
Lawinen,,,,,,
Norditalien,,,,,,
Schweiz,,,,,,
Deutschland,,,,,,
Lawinenabgängen,,,,,,
Vorarlberg,,,,,,
…,,,,,,
Italien,,,,,,
Salzburg,,,,,,
Pakistan,,,,,,
Nepal,,,,,,
Tiroler,,,,,,
Broad Peak,,,,,,
Castle Peak,,,,,,
Berlin,,,,,,
Stubaier,,,,,,
Europa,,,,,,
Himalaya,,,,,,
Aostatal,,,,,,
Bozen,,,,,,
Ortlergebirge,,,,,,
Schneemassen,,,,,,
Steiermark,,,,,,
USA,,,,,,
bayerischen Alpen,,,,,,
Lawinengefahr,,,,,,
französischen Alpen,,,,,,
Baden-Württemberg,,,,,,
Tiroler Bergen,,,,,,
Himalaya-Gebirge,,,,,,
München,,,,,,
Waldgrenze,,,,,,
St. Anton am Arlberg,,,,,,
Japan,,,,,,
US-Bundesstaat Kalifornien,,,,,,
Schwarzwald,,,,,,
Brandenburg,,,,,,
italienischen Alpen,,,,,,
Kanton Wallis,,,,,,
Landes,,,,,,
Ri,,,,,,
Serfaus,,,,,,
Cebu City,,,,,,
Lötschental,,,,,,
Wallis,,,,,,
Ischgl,,,,,,
Lawinen-Drama,,,,,,
Mount Everest,,,,,,
Tirols,,,,,,
Stubaier Alpen,,,,,,
Stubaier Gletscher,,,,,,
Fiss,,,,,,
Kitzbühel,,,,,,
Valloire,,,,,,
Pyrenäen,,,,,,
Allgäuer Alpen,,,,,,
Österreichs,,,,,,
Hamburg,,,,,,
Sulden,,,,,,
Kamtschatka,,,,,,
der Schweiz,,,,,,
Lawinenwarndienste,,,,,,
Savoyen,,,,,,
Dortmund,,,,,,
Allgäu,,,,,,
St. Anton,,,,,,
Lawinenkatastrophe,,,,,,
Berchtesgadener Alpen,,,,,,
Ortler-Gebirge,,,,,,
Unfälle,,,,,,
Tuxer Alpen,,,,,,
Pongau,,,,,,
Sierra Nevada,,,,,,
Unglücke,,,,,,
Deutschlands,,,,,,
Feldberg,,,,,,
Italiener,,,,,,
Bezirk Landeck,,,,,,
Schweizer Alpen,,,,,,
Südtiroler,,,,,,
den USA,,,,,,
Pinzgau,,,,,,
Schneedecke,,,,,,
Philippinen,,,,,,
Stuttgart,,,,,,
Salzburger Pongau,,,,,,
Sachsen-Anhalt,,,,,,
Österreicher,,,,,,
Salzburgs Bergen,,,,,,
Slowakei,,,,,,
See,,,,,,
Lawinenwarndienst Bayern,,,,,,
Innsbruck,,,,,,
Lech-Zürs,,,,,,
Wien,,,,,,
Goch,,,,,,
Freistaat,,,,,,
Himalaja,,,,,,
Kanton…,,,,,,
Leitstelle Tirol,,,,,,
Snowboarder,,,,,,
Zentralgriechenland,,,,,,
Andorra,,,,,,
Griechenland,,,,,,
Donnerstagnachmittag,,,,,,
Müll-Lawine,,,,,,
Sportgastein,,,,,,
Oberbayern,,,,,,
Neustift im Stubaital,,,,,,
Neuschnee,,,,,,
Rettungseinsatz,,,,,,
Sachsen,,,,,,
Arlberg,,,,,,
Sölden,,,,,,
Lesachtal,,,,,,
Schneemobil-Fahrer,,,,,,
Lawinenniedergängen,,,,,,
kalifornischen Bergen,,,,,,
Klostertal,,,,,,
Erde,,,,,,
Wölzer Tauern,,,,,,
Großeinsatz,,,,,,
Tibet,,,,,,
Kanada,,,,,,
Stubaital,,,,,,
Hawaii,,,,,,
Sturmwarnungen,,,,,,
Ostküste,,,,,,
Hohen Ferse,,,,,,
Watzmann-Hocheck,,,,,,
Schladminger Tauern,,,,,,
Italienische Alpen,,,,,,
Italiens,,,,,,
Unterfranken,,,,,,
Murtal,,,,,,
Russland,,,,,,
Tiefschnee,,,,,,
Lungau,,,,,,
Bayerns,,,,,,
Zillertal,,,,,,
Schneelast,,,,,,
Trentino,,,,,,
Lech,,,,,,
Norditaliens,,,,,,
Aushängeschilder,,,,,,
Piemont,,,,,,
Valle Maira,,,,,,
Salzburger,,,,,,
Kitzbüheler,,,,,,
Notstand,,,,,,
Neukölln,,,,,,
Hitze,,,,,,
US-Bundesstaaten,,,,,,
Pusterwald,,,,,,
Bezirk Liezen,,,,,,
Savoie,,,,,,
Berchtesgadener Land,,,,,,
Großarltal,,,,,,
Kühtai,,,,,,
US-Bergsteigerin,,,,,,
Lake Tahoe,,,,,,
Nordrhein-Westfalen,,,,,,
Neugier,,,,,,
Goppenstein,,,,,,
Lawinenalarm,,,,,,
Nagano,,,,,,
Schneemassen donnerten,,,,,,
Lago Nero,,,,,,
Brite,,,,,,
La Plagne,,,,,,
Splügenpasses,,,,,,
Allgäuer Bergen,,,,,,
Waldbrand,,,,,,
Tschechien,,,,,,
Hohe Lawinengefahr,,,,,,
Türkei,,,,,,
Bern,,,,,,
Lebensgefahr,,,,,,
Lawinenabgängen in Tirol,,,,,,
Risiko,,,,,,
Russlands,,,,,,
Klösterle,,,,,,
Hochgebirge,,,,,,
Franken,,,,,,
Notfälle,,,,,,
Skifahrern,,,,,,
Daunscharte,,,,,,
Verkehrsbehinderungen,,,,,,
Nepals,,,,,,
Regen,,,,,,
Iran,,,,,,
Europas,,,,,,
Glatteis,,,,,,
China,,,,,,
Walliser,,,,,,
Rolwalingtal,,,,,,
Probanden,,,,,,
Bobojach,,,,,,
Großen Schmiedinger,,,,,,
Schwaben,,,,,,
bergen,,,,,,
S…,,,,,,
Kapuzinerberg,,,,,,
Courmayeur,,,,,,
Shishapangma,,,,,,
Mecklenburg-Vorpommern,,,,,,
Omachi,,,,,,
"Ringe""-Dreh",,,,,,
Abfallberg,,,,,,
Franz-Senn-Hütte,,,,,,
Spanien,,,,,,
Ortler-Alpen,,,,,,
Hinterstoder,,,,,,
Val d'Isère,,,,,,
Hohen Tauern,,,,,,
europäischen Lawinenwarndienste,,,,,,
Lawinenwarnstufe,,,,,,
Drohnenbildern,,,,,,
Weerberg,,,,,,
Sonntagfrüh,,,,,,
Obersteiermark,,,,,,
Osttirol,,,,,,
Basislager,,,,,,
Stuben,,,,,,
Lawinenkegel,,,,,,
Rettungskräfte,,,,,,
“,,,,,,
L198,,,,,,
Staus,,,,,,
Norderney,,,,,,
Spiekeroog,,,,,,
Klimawandel,,,,,,
Schwyz,,,,,,
Snowboard-Pionier,,,,,,
Bezirk Innsbruck-Land,,,,,,
AFP am Sonntag,,,,,,
Andermatt,,,,,,
Damüls,,,,,,
Rettungsdienste,,,,,,
Sa…,,,,,,
Oberkärnten,,,,,,
Bergen von Colorado,,,,,,
Moskau,,,,,,
Davos,,,,,,
Grönland,,,,,,
Vorarlberger,,,,,,
Niederösterreich-Wien,,,,,,
Berchtesgaden,,,,,,
Japans,,,,,,
Lackenhof,,,,,,
ZEIT am Wochenende,,,,,,
Engelberg,,,,,,
Niederösterreich,,,,,,
Syriens,,,,,,
Skitour,,,,,,
Präsenzunterricht,,,,,,
Bamberg,,,,,,
Kärntens,,,,,,
Salzburgs,,,,,,
Elbrus,,,,,,
Finsterkopf im Großarltal,,,,,,
Dresden,,,,,,
Hohen Fürleg,,,,,,
Salzburger Land,,,,,,
Smartphone,,,,,,
Ungarn,,,,,,
Zweier-Gruppe,,,,,,
Watzmanngrube,,,,,,
Watzmann-Gebiet,,,,,,
Snow Institute,,,,,,
Gastein,,,,,,
Gesamtzahl,,,,,,
Todesopfern,,,,,,
Hohen Marchkopf,,,,,,
Haute-Savoie,,,,,,
Sonntagnachmittag,,,,,,
kanadischen Bergen,,,,,,
Großarl,,,,,,
Versorgungsengpässen,,,,,,
Süddeutschland,,,,,,
Kärntner,,,,,,
Nauders,,,,,,
Brasilien,,,,,,
Land,,,,,,
Schneefällen,,,,,,
Rom,,,,,,
Japans Alpen,,,,,,
Lawinengang,,,,,,
Karabiner,,,,,,
Polens,,,,,,
Dolomiten,,,,,,
Marmolata,,,,,,
Kanton Graubünden,,,,,,
Rendl-Bahn,,,,,,
Linz,,,,,,
Restrisiko,,,,,,
Meteorologen,,,,,,
Monaten,,,,,,
Brand,,,,,,
Landkreis Göppingen,,,,,,
Pongau/Lungau,,,,,,
Münchner Flughafen,,,,,,
Sturmböen,,,,,,
Vardousia-Bergen,,,,,,
Bergstraße,,,,,,
Waggons,,,,,,
Zederhaus,,,,,,
Skiwandern,,,,,,
Lawinenabg…,,,,,,
Fokida,,,,,,
d…,,,,,,
Tateyama-Kurobe-Alpenroute,,,,,,
Obertauern,,,,,,
Sohn,,,,,,
Wintersportfans,,,,,,
Vorarlbergs,,,,,,
Sonnenkopf,,,,,,
Polen,,,,,,
Nevada County,,,,,,
bayerischen Bergen,,,,,,
Achttausender,,,,,,
Innsbrucker,,,,,,
Bezirk Kitzbühel,,,,,,
Karakorum-Gebirge,,,,,,
Maira-Tal,,,,,,
Kirchberg,,,,,,
Bezirk Schwaz,,,,,,
Flugausfälle,,,,,,
Toyama,,,,,,
Reutte,,,,,,
Netflix-Doku,,,,,,
Temperaturen,,,,,,
Filzmooshörndl,,,,,,
Gailtaler Alpen,,,,,,
Nirmal Purja,,,,,,
Japanischen Alpen,,,,,,
Stadt,,,,,,
Ballast,,,,,,
Reißleine,,,,,,
Nürnberg,,,,,,
Schnee,,,,,,
Trainingsplätze,,,,,,
Verbier,,,,,,
b…,,,,,,
Hamburgs,,,,,,
Wind,,,,,,
Lesen von Russlands,,,,,,
Liga-Restart,,,,,,
Hoffenheim,,,,,,
Willingen,,,,,,
Hessens,,,,,,
Hessen,,,,,,
Wochenmitte,,,,,,
Wasserkuppe,,,,,,
Ankogl,,,,,,
un…,,,,,,
Hause,,,,,,
Schönau am Königssee,,,,,,
Mittwochabend,,,,,,
Erdsystems,,,,,,
Königssee,,,,,,
Hagengebirges,,,,,,
Windschartenkopf,,,,,,
Schwarzwald am Wochenende,,,,,,
Oberkrain,,,,,,
Gröbming,,,,,,
Winter-Knall,,,,,,
Landeswarnzentrale Steiermark,,,,,,
Pleschnitzzinken,,,,,,
Aich,,,,,,
Schwarzwald …,,,,,,
Bäume,,,,,,
Lassacher Kees,,,,,,
Samstagnachmittag,,,,,,
Fisser Bergbahnen,,,,,,
Zelenci-See,,,,,,
Hochwald,,,,,,
Niederösterreichs,,,,,,
Ratee,,,,,,
LR Mair,,,,,,
Saint-Nicolas …,,,,,,
Geldtasche,,,,,,
Gschnitztal,,,,,,
Sträucher,,,,,,
Klinik Innsbruck,,,,,,
St. Johann-Alpendorf,,,,,,
US-Städte,,,,,,
Stromausfällen,,,,,,
Allgäuer,,,,,,
Werdenfelser Alpen,,,,,,
Karnischen,,,,,,
Lawinenwarndienst Salzburg,,,,,,
Lawinensprengungen am Sonntag,,,,,,
Zürs,,,,,,
Innerkrems,,,,,,
Schneesturm,,,,,,
Bergungsarbeiten,,,,,,
Karnischen Alpen,,,,,,
Glockner Region,,,,,,
Bergsteigerlagern,,,,,,
Fährausfälle,,,,,,
Bayerns Alpen,,,,,,
nan,,,,,,
Niederösterreichs Bergen,,,,,,
Bergen Niederösterreichs,,,,,,
Straße nach Lech-Zürs,,,,,,
US-Amerikaner,,,,,,
Sondierungsarbeiten,,,,,,
Trittkopfseite,,,,,,
Wochenanfang,,,,,,
Slowenien,,,,,,
Tux,,,,,,
Stromausfälle,,,,,,
Chiemgauer,,,,,,
Fisser,,,,,,
Mount-Everest-Gebiet,,,,,,
Näh…,,,,,,
Tal hinab rauscht,,,,,,
Rettung von Menschenleben,,,,,,
Lawinenwissen,,,,,,
Österreichs Berge,,,,,,
TTS-Player,,,,,,
Ostsee,,,,,,
Komperdellbahn,,,,,,
Bereiteckbahn,,,,,,
See in Paznaun,,,,,,
Stadt Dortmund,,,,,,
Zell am See,,,,,,
Schmittenhöhe,,,,,,
Land Tirol,,,,,,
Verun…,,,,,,
Lawineneinsatz,,,,,,
Rauris,,,,,,
Tiroler Lechtal,,,,,,
Lungau s…,,,,,,
West,,,,,,
Niederbayern,,,,,,
Gipfels Winterstaude,,,,,,
Sucheinsatz,,,,,,
Podcast Stammplatz,,,,,,
Faschaunereck,,,,,,
Glocknerbiwak am Glocknerkees,,,,,,
Balkan,,,,,,
Bosnien,,,,,,
Schweden,,,,,,
Müllsammler,,,,,,
Eishölle,,,,,,
Ukraine,,,,,,
Kärntner Lesachtal,,,,,,
Schmerzschwelle,,,,,,
Nawrocki,,,,,,
Warschau,,,,,,
Kiew,,,,,,
Partenen,,,,,,
Tal das Feuer und schlugen Alarm,,,,,,
Gaschurn-Partenen,,,,,,
Millionenbereich,,,,,,
Mittersill,,,,,,
Nockbergen,,,,,,
Makalu,,,,,,
Wintersportsaison,,,,,,
Zero-Day-Exploits,,,,,,
Zermatt,,,,,,
Glaciers,,,,,,
Viertausender,,,,,,
Alpennähe,,,,,,
Berg Makalu,,,,,,
Mount Everest -,,,,,,
Neukirchen am Großvenediger,,,,,,
Lawine rauscht,,,,,,
Bergsteiger,,,,,,
Oberpfalz,,,,,,
sn,,,,,,
Oberfranken,,,,,,
Magdeburg,,,,,,
Bergrettungsortsstellen,,,,,,
Kritik-Lawine,,,,,,
Milders nac…,,,,,,
Oberbergbach,,,,,,
Himalaya-Berg,,,,,,
Purja,,,,,,
Leiche von Netflix-Bergsteiger,,,,,,
Nepalesen,,,,,,
Bürgermeis…,,,,,,
Rolwaling-Tal,,,,,,
Himalaya-Gebirges,,,,,,
Kommerz,,,,,,
Schottland,,,,,,
Gemeinde,,,,,,
B111,,,,,,
Bernhard K…,,,,,,
Streckenschutz am Arlberg,,,,,,
Naturgefahren,,,,,,
Annatobel,,,,,,
Wörezer,,,,,,
Hötting,,,,,,
Netflix-Bergsteigers,,,,,,
Lawinen-Unglück,,,,,,
Extrembergsteiger,,,,,,
Karakorum,,,,,,
Neustift,,,,,,
Milders,,,,,,
Trump,,,,,,
Frankfurt,,,,,,
Geröll,,,,,,
Westchina,,,,,,
Chongqing,,,,,,
Chinas,,,,,,
Nadelwäldern,,,,,,
Oberrhein,,,,,,
Landes…,,,,,,
Dauerregen,,,,,,
Wetterexperten,,,,,,
Superstar-Bergsteiger,,,,,,
Pakistans,,,,,,
Forsythien,,,,,,
Magnolien,,,,,,
l…,,,,,,
Bozner,,,,,,
Alarmbereitschaft,,,,,,
Ratschin…,,,,,,
Rudererspitze,,,,,,
Gewinges Alm,,,,,,
Brescia,,,,,,
Ridnaun,,,,,,
Intensivstation,,,,,,
Donnerstagfrüh,,,,,,
Hochfügen,,,,,,
Morgenstunden,,,,,,
Litzi,,,,,,
AI Slop,,,,,,
Tahoe-Nationalwald,,,,,,
Egg/Schetteregg,,,,,,
Bezirk Bregenz,,,,,,
Marchkopf,,,,,,
Ratschings,,,,,,
Aschaffenburg,,,,,,
Südtirol …,,,,,,
New Yorks,,,,,,
Schilchernocks,,,,,,
Galtür,,,,,,
Zams,,,,,,
Jamtalgebiet,,,,,,
Jamtalhütte,,,,,,
Totenfeld,,,,,,
Sturmtief,,,,,,
Böen,,,,,,
Tiroler Alpen,,,,,,
Passeiertal,,,,,,
Tod am Berg,,,,,,
Ortes,,,,,,
Mittelmeer,,,,,,
Weltmeeren,,,,,,
SZ,,,,,,
Zille…,,,,,,
Tragisches Lawinenunglück,,,,,,
Pforzheimer Hütte,,,,,,
Ostern,,,,,,
Bezirk Kirchdorf,,,,,,
Brotfall,,,,,,
Großen Priels,,,,,,
Sterzing,,,,,,
Zillertaler Alpen,,,,,,
Berg-Drama,,,,,,
Spital am Pyhrn,,,,,,
europa,,,,,,
Notbremse,,,,,,
Höchststand,,,,,,
Schnee-Abbruch,,,,,,
Dresdner,,,,,,
Gipfel-Ausflug,,,,,,
Klimakurve,,,,,,
St. Sigmund,,,,,,
Sellrain,,,,,,
Toten Gebirge,,,,,,
Großen Priel,,,,,,
Polizeikre…,,,,,,
Polizeikreisen,,,,,,
Klima-Experte,,,,,,
Lechquellengebirge,,,,,,
Allgäuer Alpen Wes…,,,,,,
Lawinenwarndienst Vorarlberg,,,,,,
Milde Temperaturen und Sonnenschein,,,,,,
Bayerns Bergen,,,,,,
Ammergauer Alpen,,,,,,
Außerfern,,,,,,
Freerider,,,,,,
Metern Seehöhe,,,,,,
Schweizer Bergen,,,,,,
Lauterbrunnen,,,,,,
Grossen Mythen,,,,,,
Nordsee,,,,,,
Lawinen-Toter,,,,,,
Lawinenwarndienst Tirol,,,,,,
Oberösterreich,,,,,,
picture alliance/dpa/Nevada County Sheriff's,,,,,,
Stadt Salzburg,,,,,,
Universität Innsbruck,,,,,,
Olympia-Medaillengewinner,,,,,,
Schneedeckenaufbau,,,,,,
Lawinenprobleme,,,,,,
Gefahrenstufen,,,,,,
Steinschlagschutz-Netze,,,,,,
Kanton Wall…,,,,,,
Bad Gastein,,,,,,
Le Villard,,,,,,
Bergs,,,,,,
Akkord,,,,,,
Cholatse,,,,,,
Staaten,,,,,,
Riesneralm,,,,,,
Donnersbachwald,,,,,,
Wintersaison,,,,,,
Ausschaufeln,,,,,,
Cim de lHortell,,,,,,
Cim de l’Hortell,,,,,,
Bezirk Innsbruck-Land…,,,,,,
Norddeutschland,,,,,,
Neuschnees,,,,,,
Niederen Tauern,,,,,,
Schladming,,,,,,
Liezen,,,,,,
Lawinenabgang am Gampen,,,,,,
Skipiste hinunterstürze,,,,,,
Hochtouren,,,,,,
Hubschrauber-Crew,,,,,,
P…,,,,,,
La Plagne/Courchevel,,,,,,
Tödliche Unglücke,,,,,,
St…,,,,,,
Dauereinsatz,,,,,,
Pisten-Drama,,,,,,
Bergsteigern im Himalaya,,,,,,
Golm,,,,,,
Tschagguns,,,,,,
Dänemark,,,,,,
Pettneu,,,,,,
Behördenangaben,,,,,,
Abgängen,,,,,,
Lawinenunglück im Pongau,,,,,,
Skitouren,,,,,,
Alpenverein-Kurs,,,,,,
Kopfschütteln,,,,,,
Rettern,,,,,,
obersteirischen Pusterwald,,,,,,
Alpenvereinstour,,,,,,
Landkreis…,,,,,,
bayerischen Landeskriminalamt,,,,,,
Pongauer,,,,,,
Erhebungen,,,,,,
Lawinenunglücks Samstagnachmittag,,,,,,
Malfontal,,,,,,
Pettneu am Arlberg,,,,,,
Skipiste,,,,,,
Bad Hofgastein,,,,,,
Berg Yalung Ri,,,,,,
Paznauntal,,,,,,
Kitzsteinhorn-Gebiet,,,,,,
Freitagvormi…,,,,,,
Tödliches Lawinendrama,,,,,,
Pinz…,,,,,,
Venedigergruppe,,,,,,
Großglocknergruppe,,,,,,
Steilgelände gemied…,,,,,,
Geländekanten,,,,,,
Niedernsill,,,,,,
Krankenhäusern,,,,,,
Lawinenseminar,,,,,,
Saisonbeginn,,,,,,
österreichischen Alpen,,,,,,
Elli,,,,,,
Landkreis Ostallgäu,,,,,,
Donnerstag am …,,,,,,
Tauferer Ahrntal,,,,,,
di…,,,,,,
B311,,,,,,
Kitzbühel von…,,,,,,
Streif,,,,,,
Pinzgauer Straße,,,,,,
Vorschau,,,,,,
Cuneo,,,,,,
Freitag ob…,,,,,,
Gletscher-Sterben,,,,,,
Was-wäre-wenn,,,,,,
Landes am Morgen,,,,,,
Führerrolle,,,,,,
Ski-Tour,,,,,,
Großglockner-Fall,,,,,,
Schneemasse,,,,,,
Ungar,,,,,,
Rieserfernergruppe,,,,,,
Glätte-Unfälle,,,,,,
Riesernock,,,,,,
Schlammlawine,,,,,,
Wrightwood,,,,,,
Südkalifornien,,,,,,
Los Angeles,,,,,,
US-Bundesstaates,,,,,,
Savoie  ,,,,,,
Österreich…,,,,,,
Lofer,,,,,,
Athen,,,,,,
Ökonom Feld,,,,,,
Industrie-Krise,,,,,,
Reformstau,,,,,,
La Plagne/Valloire,,,,,,
Frankreichs,,,,,,
Weißbach,,,,,,
Mailand,,,,,,
Witz,,,,,,
Bremen,,,,,,
Schaufel,,,,,,
Lawinenwarndienst,,,,,,
Anti-Erstickungspumpe,,,,,,
Sicherheitsarmband,,,,,,
Kreis Kleve,,,,,,
Dachs,,,,,,
Sporthallen,,,,,,
Rückflug,,,,,,
Hannover,,,,,,
Lawinen-Rucksack,,,,,,
Österreichs Bergen,,,,,,
Gefahrenstellen,,,,,,
Waldschneisen,,,,,,
Lichtungen,,,,,,
bayrischen Bergen,,,,,,
Samstagmorgen,,,,,,
Ehrwald,,,,,,
Union,,,,,,
Fügen-Kaltenbach,,,,,,
Bezirk Reutte,,,,,,
Vorschein,,,,,,
Pistenwacht,,,,,,
Sicherheitsgründen,,,,,,
Leipzig-Spiel,,,,,,
St. Pauli,,,,,,
Zugspitze19-Jähriger,,,,,,
Bundesliga-Partien,,,,,,
Meterhohe Schneeverwehungen,,,,,,
Eisregen,,,,,,
Schneeräumen,,,,,,
Schneesturmwarnung,,,,,,
Winterchaos,,,,,,
Gebäuden,,,,,,
Bezirk,,,,,,
Jugendfreizeiteinrichtungen,,,,,,
Schönfeldspitz,,,,,,
Bezirk Murtal,,,,,,
Lawinenunfällen,,,,,,
Polizeiangaben,,,,,,
Inntalautobahn …,,,,,,
Lötschberg,,,,,,
Evakuierungen,,,,,,
Taiwan,,,,,,
Iseltal,,,,,,
See“,,,,,,
Lupe,,,,,,
Rio de Janeiro,,,,,,
Splügenpass,,,,,,
Lawinenwarndienst Oberösterreich,,,,,,
Tote Gebirge,,,,,,
Dachstein,,,,,,
Gosaukamm,,,,,,
Kasberggebiet,,,,,,
Sengsengebirge,,,,,,
Straßensperren,,,,,,
Stubai-Gletscher,,,,,,
Traunstein,,,,,,
Sonntagvormittag,,,,,,
Südtiroler Alpen,,,,,,
Kleinen Walsertal,,,,,,
Warth,,,,,,
Hohen Lichts,,,,,,
Val d’Isère,,,,,,
Val…,,,,,,
Südtiroler Ortlergebirge,,,,,,
Aosta,,,,,,
L…,,,,,,
Medienberichten,,,,,,
Skifahrer,,,,,,
St. Anton am Arlber…,,,,,,
Gampberges,,,,,,
Gebiet,,,,,,
Tag des Unglücks,,,,,,
Höllengebirge,,,,,,
Favelas,,,,,,
ela,,,,,,
Bezirks Nevada,,,,,,
Schneefälle,,,,,,
Schneeverwehungen,,,,,,
Alpenraum,,,,,,
Navis …,,,,,,
Alpendorf,,,,,,
Unfallstelle,,,,,,
La…,,,,,,
Saalbach,,,,,,
Dienten,,,,,,
Semesterferien,,,,,,
Österreichische Alpen,,,,,,
Navistal,,,,,,
Australien,,,,,,
Bewohner,,,,,,
Schneeschuhen,,,,,,
Schnee-Chaos,,,,,,
Pengelstein,,,,,,
Schwarzwald“,,,,,,
Montagnachmittag,,,,,,
Imst,,,,,,
lsw,,,,,,
Davos/Wien,,,,,,
Lawinen-Alarm,,,,,,
Hahntennjoch,,,,,,
La Grave,,,,,,
Gap,,,,,,
Wintersport-Gebiet,,,,,,
Ortsteile,,,,,,
Tirols Bergen,,,,,,
Hochfügenerstraße,,,,,,
Wintersport-Drama,,,,,,
Nordtirol,,,,,,
Mittwochfrüh,,,,,,
Notarzt,,,,,,
Dorfs Ferden,,,,,,
Niedersachsen,,,,,,
Ortler-Massiv,,,,,,
Syrien,,,,,,
syrischen Regierung,,,,,,
Kurden,,,,,,
Speiereck,,,,,,
Samstagnachmi…,,,,,,
Goldbergbahn,,,,,,
Landkreisen,,,,,,
Städten,,,,,,
Vertainspitze,,,,,,
Schneelast vom Baum,,,,,,
Schneelast …,,,,,,
Viren,,,,,,
Hunderassen,,,,,,
Langwasser,,,,,,
Glätte,,,,,,
"Deutschlands
",,,,,,
Waffenruhe,,,,,,
Alabama,,,,,,
Föhn,,,,,,
Mississippi,,,,,,
Fernost-Russland,,,,,,
Fernen Osten,,,,,,
Fernen Osten Russlands,,,,,,
Ausnahmezustand,,,,,,
Bohrkernen,,,,,,
Breiteng…,,,,,,
Lawinenabgang am Elbrus,,,,,,
Tal,,,,,,
Davos …,,,,,,
US-Präsidenten,,,,,,
Monstersturm,,,,,,
Lärchen,,,,,,
Ital…,,,,,,
Texas,,,,,,
Louisiana,,,,,,
Nebel,,,,,,
Lawinenunfälle,,,,,,
Todesursache,,,,,,
Dach-Lawinen,,,,,,
Bad Reichenhall,,,,,,
Kärnten,,,,,,
Tallagen,,,,,,
Unfällen,,,,,,
Beson…,,,,,,
Präfektur Aomori,,,,,,
gleichnamigen Stadt,,,,,,
Jänner,,,,,,
Vorjahres,,,,,,
Vertai…,,,,,,
Hohen Tatra,,,,,,
Schleswig-Holstein,,,,,,
Republik,,,,,,
Valtellina,,,,,,
Lawinenabgänge,,,,,,
Mittwoch,,,,,,
Autounfälle,,,,,,
Sch…,,,,,,
Zugausfälle,,,,,,
Südflorida,,,,,,
Lawinendrama,,,,,,
Schnees,,,,,,
Is…,,,,,,
Zeugen,,,,,,
Abhangs,,,,,,
Maroi-Köpfe,,,,,,
Bezirk Scheibbs,,,,,,
Ötscher,,,,,,
Bergwacht,,,,,,
Garmisch-Partenkirchen,,,,,,
Risiko w…,,,,,,
Lawine…,,,,,,
Biathlon-Arena,,,,,,
Antholz,,,,,,
Höttinger Bach,,,,,,
